id,name,surname,street,number,city
1,Jennifer,Lloyd,Powell Stravenue,851,East Michaelberg
2,Dustin,Cox,Barrett Course,8902,Samanthaborough
3,Richard,Craig,Rojas Port,732,Taylorberg
4,Natalie,Castillo,Lauren Park,3735,Kennethburgh
5,Michelle,Perez,Schwartz Ridges,798,New Brandyton
6,Derrick,Hanson,Jones Coves,43241,East Dustin
7,Mary,Gibbs,Nicole Valleys,133,Lake Valerie
8,Anthony,Montgomery,Carson Stravenue,71465,Copelandville
9,Alexis,Mcpherson,Rodriguez Station,932,New Stephanieton
10,Andrew,Cunningham,Reed Corner,5174,West William
11,Samuel,Wyatt,Jessica Point,9259,North Deborahview
12,Ian,Jimenez,Lawrence Forge,07859,North Joshua
13,Joel,Adams,Williams Curve,55100,Amandahaven
14,April,Parker,Fuentes Turnpike,5618,West Valerieview
15,Crystal,Frazier,Sanford Estate,5220,Hernandezton
16,James,Mitchell,Allison Mountain,42266,Powershaven
17,Robert,Patel,Watson Run,42202,Lake Amanda
18,Jo,Ellison,Preston Unions,0076,West Justinmouth
19,Louis,Miller,Brandon Center,07140,Port Diamond
20,Traci,Gonzales,Jerry Bypass,191,Parkerton
21,Christian,Norris,Heather Forks,06483,Carlsonchester
22,Alan,Fox,Mark Row,02305,Yolandaport
23,Marie,Long,Gray Roads,2590,Lake Adam
24,Patricia,Clark,Anderson Falls,7358,South Nathan
25,Tanya,Phelps,Patricia Vista,7299,Lake Trevor
26,Devin,Sullivan,Pamela Ports,76294,Lake Tina
27,Scott,Garcia,Christina Dale,9301,Hoffmanmouth
28,Eddie,Peters,Ramirez Village,3333,Eriktown
29,Sarah,Nixon,Justin Plaza,660,North Christineshire
30,Nancy,Hebert,West Squares,5094,Sandovalview
31,Jonathan,Lambert,Robert Islands,300,East Danielberg
32,April,Lloyd,Decker Brook,4606,Nicholasport
33,Larry,Miller,Wong Mall,94978,Jaymouth
34,Jessica,Wilson,Joseph Lake,071,Bankston
35,Gina,Mason,Rebecca Union,7187,Dillonfort
36,Joseph,Rice,Sandra Ville,993,New Kim
37,Eugene,Diaz,Barry Heights,872,Lake Danielton
38,Brittany,Andrews,Rivera Parkways,16763,New David
39,Natalie,Myers,Patricia Lock,432,Lake Rachelport
40,John,Alvarez,Harvey Square,999,West Paige
41,Diane,Pratt,Connor Row,46999,New Alvinhaven
42,Sarah,Hernandez,Montoya Curve,90196,West Nicholeberg
43,Steven,Sanchez,Sanchez Views,565,Lake Robertchester
44,Michael,Mason,Schroeder Fall,94438,Leonardview
45,Hannah,Gonzalez,Tucker Isle,02250,Englishburgh
46,Michael,Lin,Eric Falls,0063,Lake Brookemouth
47,Mario,Morales,Pope Landing,0547,Laurenbury
48,Candice,Miles,Kimberly Centers,9277,Williamland
49,Vanessa,Rodriguez,Santiago Crest,8872,Ericton
50,Tara,Ramos,Jennifer Shoals,795,Castromouth
51,Bradley,Park,Greg Vista,2165,West Robert
52,Elizabeth,Murphy,Woods Villages,5145,Lake David
53,Dana,Melton,Brandon Heights,845,East Hannahburgh
54,Felicia,Garcia,Gomez Station,68112,West Juanborough
55,Kelsey,Padilla,Davidson Keys,3195,Port Carl
56,Robert,Taylor,Karen Club,1655,Changton
57,Gabriela,Miller,Robert Causeway,651,South Thomasborough
58,Wendy,Huynh,Sara Garden,250,Juarezborough
59,Brian,Horn,Bryant Loop,4960,Nicholasside
60,Dylan,Hart,Miller Street,4333,South Cindy
61,April,Nelson,Thomas Groves,01954,South Stephanieton
62,Monica,Vang,Joseph Fords,3216,West Tammyton
63,Laura,Bryant,Ashley Fords,337,Lake Sarah
64,Timothy,Dunn,Danielle Well,472,Murrayland
65,Gary,Schmidt,West Haven,307,Gomezbury
66,Emily,Ramirez,Zachary Avenue,92673,Andersonside
67,Eric,Guzman,Jennifer Dale,1523,West Michaelburgh
68,Carla,Henderson,Lisa River,9061,Alexandrialand
69,Lisa,Torres,Patrick Shores,00069,Cervantesview
70,Emily,Ferrell,Gerald Highway,13700,North Sarahmouth
71,Samantha,Jackson,Denise Park,5434,South Devintown
72,Justin,Cook,Joshua Mews,05309,New Amanda
73,Jennifer,Soto,Christina Walk,7855,Savageburgh
74,Joshua,Mcdonald,Morrison Course,912,Huynhburgh
75,Edward,Church,Poole Crescent,4897,South Haleychester
76,Bryan,Nguyen,Kevin Valleys,723,Deannabury
77,Dana,Morgan,Diaz Place,48496,Lake Aaron
78,Jason,Hopkins,Toni Heights,62178,North Kevinland
79,Tammy,Gibbs,David Tunnel,7681,Scottshire
80,Colton,Casey,Gonzales Squares,7601,Hannahfort
81,Brad,Thompson,Bennett Spur,5604,Kennethhaven
82,Bryan,Garcia,Nichols Crest,785,New Brandon
83,Zachary,Jackson,Jacqueline Lane,4508,New Jessicachester
84,Mallory,Gordon,Jennifer Ports,181,Brooksmouth
85,Michelle,Mack,Janice Wall,9844,South Melissaland
86,Kathleen,Wright,Joy Crossing,383,Port Miranda
87,Karen,Oliver,Natasha Summit,9996,Harrisonberg
88,Carrie,Castillo,Clements Mews,5680,Davidview
89,Kenneth,Berry,Jeffrey Tunnel,8585,South Jenniferport
90,Melissa,Evans,Timothy Harbors,53410,West Travisland
91,Jeremy,Jenkins,Juan Ports,8043,Guzmanstad
92,Donna,Patterson,Mitchell Harbors,2172,Richardfurt
93,Pamela,Weaver,Harris Throughway,726,Tinaport
94,Benjamin,Clark,Kelley Row,4183,Duranbury
95,Carl,Gallegos,Harrington Run,306,Lake Joseph
96,Daniel,Pierce,William Spring,7373,North Lindaville
97,Elizabeth,Jones,Kelsey Creek,5107,Howellhaven
98,Jason,Oliver,Cameron Ferry,664,North Colleen
99,Elijah,Tucker,Strickland Villages,345,Ariasfurt
100,Jared,Day,Ryan Heights,87843,Andrewchester
101,Jamie,Davidson,Jill Camp,524,Johnsonport
102,Andrea,Phillips,Gonzalez Loaf,5000,South Alexisview
103,Frances,Macias,Whitney Spurs,7630,Nashview
104,David,Kelley,Brittany Viaduct,36748,East Melissa
105,Kevin,Murphy,Steven Divide,5548,Hamptonshire
106,Lori,Clark,Coleman Port,27631,Jimmytown
107,Brandy,Carter,Robert Streets,4651,Lake Victoriafurt
108,Alejandro,Sparks,Alicia Flat,4483,Theresamouth
109,Hannah,Wyatt,Nicole Valley,862,Smithstad
110,Veronica,Dawson,Timothy Motorway,842,New Mary
111,David,Jones,Garcia Village,9800,Port Rachaelshire
112,Andrew,Daniels,Ritter Summit,51753,Latoyafurt
113,Dennis,Garcia,Case Forest,760,North Jeremy
114,Amy,Gonzales,Keith Station,812,Lake Sarah
115,Mathew,Reed,Melissa Falls,487,Smithland
116,Jason,Cooper,Hunt Shoals,9620,South Elizabeth
117,Tony,Hamilton,Riddle Lock,499,North Roberttown
118,Shannon,Arellano,Ariel Motorway,219,Luisport
119,Jennifer,Fitzgerald,Teresa Extensions,542,Stacyburgh
120,Anthony,Brown,Caleb Parkways,98400,New William
121,Dana,Brennan,Adams Ramp,153,South Ryanside
122,Anthony,Harrington,Thomas Overpass,724,Jonesland
123,Rachel,Torres,Sean Skyway,799,West Sarahmouth
124,Kent,Becker,Cody Row,8508,Joshuatown
125,Tina,Miller,Michael Islands,573,Richardsfurt
126,Danielle,Stewart,Dominic Valley,59365,North Mckenzie
127,Steven,Williams,Larry Centers,0228,New Jamesville
128,David,Hudson,Herman Points,269,Port Mariotown
129,Brittany,Erickson,Jason Corners,1944,East Jessicahaven
130,Timothy,Hayes,Reyes Rue,8054,Port Mark
131,Kimberly,Bell,Flores Wall,614,Peterborough
132,Debra,Dixon,Lucas Springs,68744,Gilberttown
133,Gary,Anderson,Anderson Place,72035,East Juan
134,Patricia,Morales,Christopher Unions,26956,North Amy
135,Jack,Werner,Beverly Haven,3759,Paulhaven
136,Ralph,Roth,Griffin Avenue,30242,South Virginiaberg
137,Adam,Rogers,Hughes Loaf,25731,Thompsonbury
138,Bradley,Huynh,Daniel Fork,49655,East Victor
139,Mia,Douglas,Elizabeth Trail,158,Lake Lorettahaven
140,Blake,Bryant,King Trail,31326,South John
141,Sara,Williams,Gregory Pines,0734,East Lawrencemouth
142,Nathan,Lambert,Wendy Grove,1956,New Justinville
143,Billy,Williams,Lopez Valleys,2349,Mccoyburgh
144,Tracy,Jennings,Jeff Causeway,4584,Port Brittanymouth
145,Michael,Buckley,Moore Wells,854,South Richard
146,James,Kim,Holland Plaza,00574,Port Stephanieland
147,Peter,Kennedy,James Roads,5631,Susanside
148,Dennis,Green,Kevin Springs,065,South Victoriamouth
149,Christopher,Cole,Green Streets,3822,New Zacharyside
150,William,Conley,Amanda Fords,419,New Matthew
151,Raymond,Little,Alicia Mission,867,Davidbury
152,Robert,Webster,Jennifer Points,72232,Collinsland
153,Alexander,Garcia,Martinez Unions,62654,Port Jeromestad
154,Heather,Williams,Christopher Lodge,185,Robbinsville
155,Monique,Martin,Jason Hollow,09243,Martinezhaven
156,Michael,Clark,Alexis Tunnel,7540,Rogerschester
157,Kayla,Rice,Padilla Loop,372,South Tracy
158,Christopher,Hernandez,Joanne Wall,0749,Dawnville
159,Kenneth,Riley,Victoria Cape,384,South Shannon
160,Nicholas,Green,Henry Fork,5507,Lake Lance
161,Bryan,Williams,Wheeler Manor,27394,Wilsonville
162,Holly,Webster,Williams Squares,9925,South Ronaldfurt
163,Erica,Jones,Warner Shore,04391,Port Maryland
164,Mark,Clarke,Lawrence Meadows,3082,East Stephanietown
165,Charles,Webb,Sarah Cliff,42272,Jamesborough
166,Crystal,Donaldson,Barnett Radial,9573,Scottshire
167,Stephanie,Ramsey,Foster Forks,352,New Teresa
168,Tony,Pearson,Charles Bypass,7621,Paulfort
169,Christy,Thompson,Anderson Summit,99999,Kimberlyshire
170,Elizabeth,Smith,Braun Mountains,88115,Lake Maureen
171,Cameron,Martin,Steven Squares,589,Lake Andrew
172,Vickie,Ross,Martinez Turnpike,28941,Carpenterborough
173,Jason,Martinez,Rebecca Field,2651,Phillipsburgh
174,Jeffrey,Anderson,Jessica Course,8669,South Jordan
175,Debra,Boyd,Dylan Ville,69042,North Ryan
176,Jamie,Ellis,Kevin Island,74466,Fergusonburgh
177,Adam,Bush,Bell Greens,722,Lopezfurt
178,Melanie,Sharp,Dawson Corner,210,Jamestown
179,Kelsey,Perez,Elizabeth Creek,727,Ryanbury
180,Gregory,Reid,Lisa Manor,73314,East Travis
181,Thomas,Turner,Kevin Plaza,127,New Jennifermouth
182,Jason,Miller,Jonathan Pike,7726,New Gregoryport
183,Tanya,Fowler,Miller Club,3445,Port Katherine
184,Christian,Becker,Turner Avenue,907,East Tammy
185,Paul,Glover,Anthony Trafficway,42098,West Michael
186,Tina,Bolton,Lisa Bypass,70920,Jessicaburgh
187,Chase,Barrett,Oliver Bridge,80193,Melissaside
188,Rhonda,Russo,Molina Estates,7155,Grayburgh
189,Kenneth,Smith,Blake Crossroad,0321,West Keith
190,Christina,Boyd,Daniel Garden,07202,Alanfort
191,Alexander,Russell,Miguel Track,3218,Jenniferside
192,Scott,Little,Patricia Fall,57466,Johnsonchester
193,Jennifer,Lyons,Jarvis Dale,50252,Connieville
194,Angela,Olson,Sean Spurs,292,Joseland
195,Ryan,Guerrero,Estrada Ford,263,North Marvinborough
196,Dawn,Turner,Powers Circles,638,Hernandezfurt
197,John,Mack,Rodriguez Greens,44566,Jonesburgh
198,Justin,Roach,Cox Forges,41487,Stephanieshire
199,Haley,Rivera,Brandy Plains,944,West Sabrina
200,Wendy,Day,Bennett Trace,7736,East Lauren
201,Mary,Walker,Sanders Summit,46304,Austinton
202,Joshua,Greer,Timothy Port,710,Harrisville
203,Victor,Hamilton,Oliver Landing,05003,Williamsland
204,Victor,Williams,Joseph Loaf,6512,West Tammybury
205,Kimberly,Cervantes,Ashley Harbor,352,West Dustinburgh
206,Jennifer,Miles,Raymond Harbors,941,Jonesville
207,William,Martinez,Rachel Parks,07375,Thomaston
208,Benjamin,Duncan,Kathryn Cove,64655,New Elizabethville
209,Trevor,Mckee,Robert Harbor,55537,Maryborough
210,Elaine,Calderon,Everett Causeway,85934,Lake Sabrina
211,Jodi,Young,Keller Ranch,19498,Alvarezville
212,Brandon,Lee,Holland Estates,3705,Myersberg
213,Matthew,Munoz,Ryan Crossroad,3111,Swansonstad
214,Ronald,Spencer,Zachary Path,6747,Port Keith
215,Deborah,Ellison,John Village,66210,Port Nicoleport
216,Robert,Mcdonald,Schmidt Roads,6675,West Jacob
217,Adam,Walls,Collins Route,904,South Stephen
218,Jessica,Brown,Johnson Parkways,96988,South Ruthview
219,Rodney,Perez,Smith Flat,8918,Hoodfurt
220,Cameron,Kelly,Benjamin Dale,202,North Daisyville
221,James,Sloan,Sarah Spur,6428,Davidport
222,Tracey,Clark,Rubio Creek,5028,Kennethtown
223,Luis,Mason,Rojas Path,27600,Christinahaven
224,Joseph,Howe,Salinas Field,317,East Matthew
225,Daniel,Cochran,James Fork,3824,West Nicole
226,Kimberly,Stewart,Alexandra Bridge,585,Hamiltonfort
227,Holly,Middleton,Kirby Squares,5663,Garciaborough
228,Lisa,Fitzgerald,Turner Falls,644,Sandrastad
229,Joshua,Maddox,Becker Expressway,24403,South Kellyfort
230,Brian,Goodwin,Dorothy Estates,083,North Vincent
231,Frank,Potter,James Well,4580,Knightburgh
232,Jennifer,Bruce,Farmer Circles,9042,Troyburgh
233,Alicia,Sanchez,Hunter Pass,013,Lake Bianca
234,Jasmine,Thomas,Joshua Fall,79201,Leeton
235,Breanna,Conway,Nancy Oval,574,Simmonsland
236,Misty,Williams,Patterson Lakes,1165,West Josephmouth
237,Christine,Ruiz,Bradley Shores,26738,Brownmouth
238,Michelle,Pierce,Gonzales Manors,7559,West Beth
239,Jaime,Mccarthy,Shannon Inlet,52687,Edwardstad
240,Jeremy,Rose,Eric Fort,219,Lake David
241,Molly,Brown,Megan Turnpike,3845,Jackieland
242,Jessica,Francis,Amanda Mountains,6284,East Nicholas
243,Amanda,Horn,Montoya Ramp,52145,Travishaven
244,Katherine,Diaz,Tamara Shore,7467,Lake Coreyfurt
245,Jasmine,Hinton,Donna Islands,8684,Ericafort
246,Jennifer,Tucker,James Corner,94870,Taylorborough
247,Richard,Young,Freeman Radial,2805,Catherineshire
248,Pamela,Hale,Andrews Wall,233,Dylantown
249,Tony,Adkins,Amy Grove,547,Melissatown
250,Thomas,Austin,Richardson Trace,4870,Doylefurt
251,Derrick,Soto,Rogers Plains,77007,New Sandrabury
252,Jesse,Fisher,Eric Loaf,42134,Grayborough
253,Madison,Taylor,Brittany Skyway,1145,Briantown
254,Timothy,Goodman,John Brook,0414,Dawnstad
255,Mitchell,Hunt,Mayer Crossing,10446,North Maureen
256,Darren,Boone,Lisa Parkways,59987,East Christopher
257,Richard,Smith,Ryan Knoll,64188,Parrishhaven
258,Jacqueline,Hicks,Doyle Square,24345,Brookston
259,Teresa,Roth,Mary Key,853,Mercadoland
260,Justin,Rubio,Schmidt Pike,75494,East Rhondaburgh
261,Brian,Morris,Amanda Garden,987,East Valerie
262,Cole,Butler,Garcia Alley,57458,Fordborough
263,Lindsey,Garcia,David Locks,4453,Johnmouth
264,Katherine,Lynch,Ronald Landing,06999,Jackfurt
265,Jennifer,Osborn,Guzman Manors,5984,North Chelsea
266,Richard,Johnson,Cunningham Motorway,500,Port Adrianfort
267,Darlene,Hoover,Diana Station,009,South Ashley
268,Sarah,King,Jonathan Greens,74102,Jonesville
269,Kimberly,Woodard,Hoover Views,11452,Port Brian
270,Rebecca,Kelly,Galvan Canyon,912,Laurenburgh
271,Melissa,Schmidt,Laura Trace,86361,Marcusborough
272,Charles,Stein,Patricia Causeway,86522,Ashleymouth
273,Jessica,Bennett,Gregory Hills,04660,West Justin
274,Jose,Lambert,Sylvia Ways,092,New Jennifermouth
275,Stephen,Garcia,Sharon Park,66843,Port Marissaview
276,Carla,Hernandez,Jaime Loaf,03966,Bowersborough
277,Alexandria,Franklin,Gross Passage,09680,Smithbury
278,Sheri,Faulkner,Morgan Brooks,838,Henryborough
279,Rebecca,Hill,Ramos Forges,2475,Port Scottmouth
280,Daniel,Brown,Foley Spurs,48147,Wilkinsburgh
281,Kelly,Perez,Shannon Spurs,18347,Amyshire
282,Robert,Jordan,Collins Ferry,54449,Michaelport
283,Melvin,Marshall,Dustin Corner,5913,East Keithview
284,William,Flores,Davis Prairie,6312,East Eddie
285,Ashley,Marquez,Welch Street,43533,Carpenterside
286,Ronald,Mcdonald,Graham Vista,1795,Diaztown
287,Adriana,Sharp,Graves Common,34957,Craigmouth
288,James,Davis,Berry Landing,2805,Nguyenberg
289,James,Ramos,Rick Island,5283,New Kimberlyton
290,Jerry,Castaneda,Thompson Rue,64512,Joshuafurt
291,Robert,Haley,Knapp Radial,8102,West Marcus
292,Elizabeth,Casey,Weiss Terrace,836,West Corystad
293,Hannah,Ramirez,Miller Bypass,541,Lake Mackenziehaven
294,James,Torres,Daniel Shores,419,South David
295,Karen,Molina,Williams Tunnel,0301,North Caleb
296,Danny,Casey,Christopher Cape,039,North Robert
297,Zachary,Melton,Smith Meadows,88908,New Angela
298,Tammy,Gonzalez,Natalie Flat,99163,South Christopherchester
299,David,Lowe,Nathan Forge,460,West Stephanieton
300,Ryan,Garcia,Leah Stravenue,449,South Shelbyville
