_id,name,surname,street,number,city
1,Linda,Brown,Joanna Ports,2856,Williamsside
2,Brandon,Thomas,Jose Run,22769,New Sabrina
3,Jesse,Ward,Daniel Fall,216,South Danielshire
4,Ricky,Ellis,Sanchez Landing,39741,Lake Shaun
5,Victoria,Hall,Philip Inlet,685,Schroederland
6,Samantha,Clark,Bush Hill,27929,West Megan
7,Anthony,Clarke,Jacqueline Field,1944,New Richard
8,Matthew,Baker,Aguirre Courts,2313,Lisaport
9,Lori,Riley,Eric Coves,8252,Gibbsmouth
10,Phillip,Vargas,Alice Groves,55745,New Calebmouth
11,Susan,Wilkinson,Christopher Fords,802,New Albert
12,Janice,Burgess,Jennifer Knoll,015,Lake Michaelbury
13,Monica,Bryant,Eddie Dale,5922,North Craigshire
14,Jasmin,Morse,Smith View,825,New Rachel
15,Anita,Bell,Robin Land,794,North Robert
16,David,Marquez,Leslie Drive,3241,Angelaside
17,Keith,Jackson,Miller Fields,90507,Williamburgh
18,Heather,Christian,Rosales Keys,7231,West Ryanborough
19,Dawn,Hatfield,Harding Bridge,04509,Barnesberg
20,Raymond,Butler,Lisa Ports,9342,Hansonshire
21,Betty,Perez,Lee Trace,9284,Reyesburgh
22,William,Powers,Tara Island,8811,Sarahside
23,Robin,Franklin,Rebecca Cape,2845,New Joymouth
24,Mark,Shields,Christina Summit,9870,New Sharonburgh
25,Ryan,Thompson,Johnston Inlet,932,West Rebecca
26,Lauren,Davidson,William Knolls,1778,Lawrenceville
27,Joshua,Weiss,Elliott Lakes,051,West Samantha
28,Gina,Gould,Freeman Crescent,8981,Lake Josephberg
29,Wanda,Strickland,Reynolds Divide,2610,North Mark
30,Regina,Roberts,Miller Corner,73853,Lindaberg
31,Steven,Edwards,Coleman Tunnel,504,Timothymouth
32,David,Mcmillan,Watkins Green,6977,North Staciemouth
33,Dwayne,Lozano,Dixon Parkways,36000,Port Danielburgh
34,Ashley,Rivera,Brett Ranch,87205,Christopherborough
35,Joseph,Hill,Morris Points,223,New Charles
36,Christina,Summers,Young Oval,8176,Kevinton
37,David,Smith,Julie Squares,192,South Kelsey
38,Kevin,Weber,Scott Stream,8475,Hannahstad
39,Alexandra,Clark,Myers Hollow,50950,Fosterview
40,Joshua,Petty,Thompson Lodge,867,Eduardoland
41,Kenneth,Holder,Richard Shores,541,Cooperfurt
42,Theresa,Montgomery,Karen Stream,787,Wrightbury
43,Garrett,Smith,Johnston Route,6956,West Julian
44,Wendy,Yoder,White Forge,4317,Tyronemouth
45,Dean,Bell,Miller Route,507,Gregoryfort
46,Tim,Bridges,Robinson Trail,53420,New Gregoryview
47,Taylor,Lewis,Nicholas Station,51043,Browningshire
48,Abigail,Woods,David Curve,5496,Rosechester
49,Melissa,Martin,Veronica Mount,476,Damonfurt
50,Steve,Jimenez,Tina Shoal,4692,Maddenfort
51,Daniel,Mcknight,Johnson Forks,858,Velezside
52,Kimberly,Coleman,Fields Shoals,5712,Walshburgh
53,Kevin,Perry,Ian Manors,2229,Port Ashley
54,Kendra,Ruiz,Stephanie Highway,054,Tannerburgh
55,Billy,Carter,Meadows Manor,0116,South Eugene
56,Cynthia,Hendricks,Donna Squares,4895,Jacobsfort
57,Sarah,Khan,Roberts Motorway,31327,North John
58,Frank,Collins,Dunn Village,695,South Andrew
59,Wanda,Saunders,Stevens Mission,147,West Danielborough
60,Kristin,Alexander,Cochran Shore,87940,West Brooke
61,Jose,Smith,Taylor Union,6639,Mendezview
62,Rebecca,Perkins,Cook Route,24141,Nancychester
63,Jake,Daniel,Wong Union,1861,Nicholsport
64,Megan,Arellano,Michael Islands,8947,Port Gregory
65,Jeffrey,Nelson,Evans Row,760,New Molly
66,Eric,Wilson,Natalie Junctions,58487,New William
67,Krystal,May,Jill Shoal,9866,Port Janice
68,Michelle,Greene,Willis Shoals,193,West Jamesborough
69,Amy,Summers,Curtis Mountains,966,Lake Jessicaburgh
70,James,Cook,Herrera Groves,6721,Beckchester
71,Amber,Peterson,Torres Lock,019,East Jeremyton
72,Justin,Johnson,Shannon Divide,6863,West Dillon
73,Steven,Carr,Smith Trafficway,9799,Port Katherine
74,Chad,Vasquez,Dennis Harbor,89604,North Zachary
75,Kimberly,Parks,Thornton Pass,642,Jenniferport
76,John,Barnes,Todd Pass,069,Richardburgh
77,Richard,Chan,Johnny Parks,0155,Kristiberg
78,Margaret,Foster,Allison Pine,74191,Vaughnmouth
79,Jamie,Pena,Andrew Mountain,3694,Craigmouth
80,Melissa,West,Hayden Valleys,2003,Samuelfurt
81,Richard,Callahan,Stein Green,139,East Shelbymouth
82,Peggy,Taylor,Tasha Heights,340,Bakerton
83,Richard,Kelly,Laura Alley,4353,Greenborough
84,Kimberly,Webb,Harrison Pike,44509,Mitchellport
85,Matthew,Kidd,Susan Flat,5963,Jamesmouth
86,Michelle,Ball,Jennings Gateway,95075,Maryville
87,Daniel,Johnston,Adrienne Turnpike,31608,Steelemouth
88,Shane,Osborne,Jeffrey Freeway,858,Port Brendabury
89,Ryan,Cook,Garcia Mews,1081,Lake Jacob
90,Kristie,Newman,Rhodes Pine,4558,West Megan
91,Colton,Hunter,Samuel Crossing,4645,New Davidburgh
92,Gloria,Patterson,Carol Crossroad,697,West Erikastad
93,Sherry,Novak,Estes Heights,432,North Emma
94,Megan,Kline,Donaldson Squares,706,Lake Rebecca
95,Katrina,Stewart,Walter Village,69753,North Jeremy
96,Taylor,Nelson,Campbell Crescent,225,Diazberg
97,Gregory,Barnett,Miller Divide,1875,Douglasland
98,Tammy,Hunter,Donald Parks,0637,Brownmouth
99,Ariana,Callahan,Michael Pike,442,Lake Justinfort
100,Jennifer,White,Moreno Meadow,35657,Silvaberg
101,Kimberly,Ho,Ashley Mission,404,Johnmouth
102,Janice,Walker,Samuel Island,7678,North Stephanieshire
103,Erin,Gomez,Garcia Crossing,0397,South Andrefort
104,Shawn,Kennedy,James Meadows,4479,West Michelle
105,Jillian,Hicks,Barnett Junction,254,West Donnaland
106,Megan,Smith,Ashley Loop,579,Lake Patricia
107,Donna,Fisher,Ellen Freeway,58549,Jessicahaven
108,Nicholas,Cooper,Benson Parkways,5165,South Sophia
109,Sean,Wilson,Edwin Meadows,0876,North Lori
110,Teresa,Curtis,Landry Springs,6825,Jesseland
111,Robert,Miller,Mary Point,389,Kimburgh
112,John,White,Jones Springs,984,West Lisa
113,Christina,Scott,Miranda Cove,89943,Lake Michaelmouth
114,Isabella,Ryan,Golden Ville,1119,Michaeltown
115,Danielle,Page,Kathleen Tunnel,886,North Denise
116,Carrie,Rodriguez,Robert Spur,901,Williamsfort
117,Michael,Larsen,Erin Crossroad,834,Reneebury
118,Charles,Douglas,Garcia Harbor,489,Lake Lindamouth
119,Christopher,Johnson,Michele Light,9010,Port Teresaview
120,Christopher,Rogers,Michael Ridges,21712,East Robin
121,Robin,Castro,Kathleen Burgs,33614,Adkinsshire
122,Kimberly,Randall,Zamora Knoll,89251,South Catherine
123,Richard,Poole,Rodriguez Walk,47551,Lake Stephenport
124,Ryan,Davis,Smith River,58076,Williamside
125,Carlos,Lopez,Medina Prairie,8393,East Ryan
126,Teresa,Robles,Emma Street,2186,Nicoleport
127,John,Johnson,Jones Orchard,76620,New Davidberg
128,Steven,Parker,Alicia Park,490,Mclaughlinborough
129,Samantha,Flores,Lee Station,977,South Davidville
130,Gina,Mckenzie,Anthony Island,9924,East Allison
131,Daniel,Porter,Nicole Meadows,4494,Port Chadview
132,Richard,Greer,Denise Prairie,54670,Hoffmanmouth
133,Ian,May,Lauren Roads,223,Lake Danfort
134,Lisa,Rice,Danielle Squares,9308,Elizabethbury
135,Danielle,Hartman,Weeks Harbors,36914,Lake Paulahaven
136,Cynthia,Little,Patterson Vista,12070,Justinhaven
137,Joseph,Walker,Alexis Drives,38658,Garyfurt
138,Heather,King,Alexander Meadows,992,East April
139,Julie,Powell,Washington Shoal,4263,New Craigport
140,Adam,Moss,Rodriguez Cliffs,391,West Christopher
141,Karen,Wilkerson,Day Isle,641,Watkinstown
142,Colin,Norris,Shaw Road,702,Lake April
143,Vicki,Jordan,Ashley Radial,71480,Bradymouth
144,Jacqueline,Roman,Craig Orchard,97229,Garciachester
145,Mark,Wood,Ryan River,64467,Bauerbury
146,Elizabeth,Rich,Courtney Valleys,066,New Carl
147,April,Koch,George Plaza,430,Edwardchester
148,Johnny,Lindsey,Crystal Centers,5141,Lake Michele
149,Jasmine,Reynolds,Jennifer Meadow,5229,Cummingsfurt
150,Tyler,Campbell,David Glens,845,Hawkinsmouth
151,Maria,Bishop,Nicholas Crossroad,11484,Mitchellbury
152,Andrea,Miller,Alexander Tunnel,11109,Gabrielstad
153,Jose,Boyd,Brian Crossing,687,Lake Peterfurt
154,Hannah,Olson,Rhodes Hill,19304,Kellyview
155,Catherine,Gutierrez,Carroll Drives,56018,Port Annettemouth
156,Danielle,Cooper,Justin Island,162,Lake Ronald
157,Amanda,Miller,Russell Mall,45092,Joelbury
158,Michael,Hooper,Jones Crossing,93199,Gardnerview
159,Christopher,Garner,Scott Locks,5737,North Cristinachester
160,Chloe,Chen,Alexander Meadow,892,North Markfort
161,Mark,Coleman,Ellis Drive,170,Kendraville
162,Alicia,Snyder,Webb Path,21663,Ianbury
163,Kelsey,Hoover,Archer Land,8486,Lake Joshua
164,Kevin,Stanley,Michele Lock,106,Marktown
165,Patricia,Wilson,Johnson Lock,070,North Austinhaven
166,Jeanne,Armstrong,Eric Junctions,31371,Lake Courtneyview
167,Joel,Contreras,Kyle Rapid,224,Smithland
168,Deborah,Foster,Nichols Drives,42988,New Adriantown
169,Joshua,Miller,Wayne Throughway,1570,Deanhaven
170,Erica,Lowery,Martin Mountain,444,Denisehaven
171,Rhonda,Johnson,Vincent Parks,27178,East Tamarahaven
172,Nicole,Mccann,Baker Parks,058,Michaelburgh
173,Haley,White,Harrington Forest,1244,Bryanmouth
174,Jeremy,Perez,Anthony Dam,787,Harriston
175,Jason,Gill,Jones Throughway,56277,West Tiffany
176,Robert,White,Campbell Terrace,831,Deborahmouth
177,Samuel,Leonard,Mendoza Expressway,34274,Roberttown
178,Donna,Schneider,Anderson Falls,157,Port Michelle
179,Julie,Schultz,Cody Harbors,907,Higginsburgh
180,Jennifer,Page,Scott Common,0320,Katherineside
181,Debra,Young,Peter Keys,37298,East Michelle
182,Jacob,Martinez,Robert Corner,751,Grantmouth
183,John,Evans,Sarah Stream,11408,Johntown
184,Jeffrey,Williams,Sabrina Mountains,997,West Theresa
185,Garrett,Patrick,Adam Meadows,722,North Christian
186,Sheila,Donovan,Ruth Coves,28563,East John
187,Lori,Bell,Melissa Neck,0036,Matthewview
188,Steven,Fleming,Charles Turnpike,713,East Bridget
189,Juan,Davila,Laura Inlet,012,East Kathrynborough
190,Carla,Hardy,Seth Groves,22115,Christopherfort
191,Beverly,Newman,Kelly Union,89773,Littlefort
192,Susan,Lowe,Sanders Trail,98198,New Michelle
193,Jesse,Wilkerson,Nicholas Isle,112,Port Joshuabury
194,Maria,Andrews,Brenda Neck,6404,Tiffanyfort
195,Nicole,Burns,Bell Mountain,2269,Lopezside
196,Matthew,Walsh,Michael Harbors,691,Alexisville
197,Stephanie,Solomon,Steven Fork,81581,Deannamouth
198,Antonio,Scott,Jasmine Walks,9357,Edwardsshire
199,Mary,Mccall,Gay Streets,37168,East Robert
200,Mary,Wilson,Tina Stream,1252,Maloneberg
201,David,Adams,Jones Overpass,380,South Valerie
202,Rachel,Rodriguez,Travis Run,96110,North Christopherland
203,David,Marquez,Nicholas Curve,22848,Jeremyberg
204,Carla,Lopez,Smith Manors,2311,West Kevinville
205,Christopher,Watkins,Brown Pike,721,Anthonyfort
206,Russell,Hernandez,Jeremy Harbors,165,Ashleestad
207,Pamela,Randolph,Amanda Neck,17446,Gregchester
208,Mary,Johnson,Debra Tunnel,0586,Adamland
209,Felicia,Guzman,Douglas Ford,1601,Port Danieltown
210,Adam,Wagner,Gina Grove,4557,Nixonfurt
211,Tammy,Garcia,Roberto Orchard,5345,North Sandra
212,Brandon,Peters,Frank Manors,10472,North Crystalstad
213,Cynthia,Pham,Ruben Island,6822,Bartlettton
214,Jeffrey,Zimmerman,Oneal Rest,8879,Port Christine
215,Kathleen,Hall,Mccarty Shore,308,Riveraburgh
216,Travis,Jackson,Mccarthy Station,785,Evansshire
217,Jesse,Owens,Shepherd Springs,23450,North Heatherfurt
218,Wendy,Miller,Dennis Cape,4097,West Bryanton
219,John,Jacobs,Butler Land,21873,Josephfort
220,Danielle,Mendoza,Susan Vista,6343,Benjamintown
221,Tami,Dalton,Hale Mews,92566,Richardmouth
222,Kimberly,Rodriguez,Jonathan Estate,643,West Debraberg
223,Susan,Morgan,Thomas Shores,59233,South Anthony
224,Sarah,Hill,Peter Fork,70631,New Dana
225,Matthew,Callahan,Mark Fort,00041,North Nicoleton
226,Michelle,Stone,Mary Spur,747,North Joshua
227,Alexander,Lopez,William Trail,38742,North Daniel
228,Shelly,Sharp,Richardson Fall,370,New Michaelbury
229,Christopher,Baker,Eric Plaza,273,Thompsonshire
230,Amy,Harvey,Andrew Village,5292,Lake David
231,Christine,Jones,Estrada Mission,0084,Michaelview
232,Caitlyn,Ashley,Candace Ramp,37284,Mathewhaven
233,Jennifer,Allen,Kevin Course,7184,New Nicole
234,Michael,Garcia,Kim Haven,2069,Port Raymondstad
235,Melinda,Clark,Phillip Expressway,623,North Amy
236,Linda,Williams,Clark Expressway,717,Jeffreyborough
237,Theresa,Brown,Scott Camp,443,Olsonmouth
238,John,Marshall,Leblanc Lakes,3528,South Amy
239,Stephen,Perez,Davis Manors,4263,South Andrewland
240,Cheryl,Carlson,Kurt Summit,0748,Mayermouth
241,Joshua,Day,Owen Radial,010,New Stephanie
242,Samuel,Singh,Nicole Valley,09850,West Lauraburgh
243,Fernando,Foster,Aaron Mills,9153,New Anthonyland
244,Michael,Schaefer,Rebecca Shores,912,New Mary
245,Melissa,Wilson,Ross Cape,184,Smithfurt
246,Thomas,Walker,Emily Street,9084,Carlymouth
247,Trevor,Marquez,Hernandez Ways,59584,West Williamhaven
248,Lori,Lambert,Donald Curve,9038,Annachester
249,Mark,Harris,Andre Route,634,Stevensonbury
250,Andres,Lowe,Weaver Turnpike,744,Dunnshire
251,Emily,Duarte,Salazar Mill,38086,East Jonathanbury
252,Jacob,Atkinson,Jeffrey Island,47313,West Ashley
253,Matthew,Johnson,Weiss Brooks,88712,Port Davidton
254,Paula,Silva,Wilson Field,884,East Christinabury
255,Scott,Lopez,Stephanie Flats,274,Stevenhaven
256,Brittany,Adkins,Steven Wall,3055,North Robin
257,Matthew,King,Martin Gateway,518,Barrerachester
258,Barry,Ford,Michael Forks,126,Leeville
259,Carla,Fox,Perry Extension,62677,West Caitlinshire
260,Latasha,Walsh,Emily Mountains,95308,South Robert
261,Austin,Santos,Justin Path,094,South James
262,Frank,Russell,Joel Stravenue,083,Gutierrezfort
263,Gina,Merritt,Mario Plaza,25603,New Michaelside
264,Carol,Levine,Andrew Lights,8417,Edwardside
265,Lisa,Craig,David Creek,4413,North Gregory
266,Kristin,Avery,Christine Turnpike,94452,East Rubenfort
267,Bob,Jackson,Kathleen Falls,02722,Lake Carlaside
268,Katie,Lee,Carl Islands,84507,North Anita
269,John,Gordon,King Ville,543,Knightborough
270,Michael,Brock,Douglas Hollow,27130,Briantown
271,Stephen,Simpson,Moore Roads,998,Port Danielle
272,Bethany,Tucker,Shane Pass,34536,Myersborough
273,Mitchell,Sanders,Smith Orchard,82093,Johnsonland
274,Jonathan,Anthony,Amber Route,516,Griffinborough
275,Edward,Perry,Mcdonald Grove,390,Carlberg
276,Sara,Mercer,Cheryl Loop,0183,Summerschester
277,Shane,Sanchez,James Tunnel,24047,New Roberthaven
278,Philip,Wall,Jeffery Plains,0333,New Sydney
279,Dustin,Cervantes,Melissa Pine,4453,East Terri
280,Chad,Watkins,Danielle Brooks,19072,West Amanda
281,Benjamin,Baker,Michelle Plaza,6997,North Steven
282,Richard,Reid,Martin Crescent,23607,New Margaret
283,Brian,Ford,Reynolds Keys,1089,West Johnville
284,Megan,Franco,Yang Mission,714,New Josephport
285,Grace,Stewart,Coleman Branch,43750,West Kevin
286,Daniel,Mayo,Michael Lane,7805,Jacquelineberg
287,Adam,Barnett,Jennings Mission,690,Wilsonberg
288,Carl,Lucas,Fisher Mall,371,Edwardston
289,Christine,Walker,Jill Stravenue,973,Lake Robertmouth
290,Shirley,Blair,Oliver Islands,658,Carneyfurt
291,Danielle,Hartman,Preston Flat,10412,Johnstonland
292,Allen,Rodriguez,Weaver Pine,124,South Lynnfort
293,Alicia,Lawrence,Derrick Haven,48986,Sarahstad
294,Sarah,Parsons,Shea Garden,015,East Timothyborough
295,Amanda,Harvey,Cox Shore,84384,South Shannon
296,Jonathon,Brock,Manning Expressway,645,West Susan
297,Stanley,Ramirez,West Lane,98044,Millerview
298,Lucas,Hogan,Brian Extension,46788,Lake Matthew
299,Kristi,Smith,Booth Mountains,568,Samuelhaven
300,Andrew,Hart,Joy Lane,49721,Richardfort
